/*
SQLyog Ultimate v12.4.3 (64 bit)
MySQL - 10.1.34-MariaDB : Database - db_kuliah_atol_perpustakaan
*********************************************************************
*/

/*!40101 SET NAMES utf8 */;

/*!40101 SET SQL_MODE=''*/;

/*!40014 SET @OLD_UNIQUE_CHECKS=@@UNIQUE_CHECKS, UNIQUE_CHECKS=0 */;
/*!40014 SET @OLD_FOREIGN_KEY_CHECKS=@@FOREIGN_KEY_CHECKS, FOREIGN_KEY_CHECKS=0 */;
/*!40101 SET @OLD_SQL_MODE=@@SQL_MODE, SQL_MODE='NO_AUTO_VALUE_ON_ZERO' */;
/*!40111 SET @OLD_SQL_NOTES=@@SQL_NOTES, SQL_NOTES=0 */;
CREATE DATABASE /*!32312 IF NOT EXISTS*/`db_kuliah_atol_perpustakaan` /*!40100 DEFAULT CHARACTER SET latin1 */;

USE `db_kuliah_atol_perpustakaan`;

/*Table structure for table `t_anggota` */

DROP TABLE IF EXISTS `t_anggota`;

CREATE TABLE `t_anggota` (
  `Kd_Anggota` varchar(20) NOT NULL,
  `Nama_Anggota` varchar(30) DEFAULT NULL,
  `Email` varchar(50) DEFAULT NULL,
  `username` char(20) DEFAULT NULL,
  `foto` varchar(255) DEFAULT NULL,
  PRIMARY KEY (`Kd_Anggota`),
  KEY `username` (`username`),
  CONSTRAINT `t_anggota_ibfk_1` FOREIGN KEY (`username`) REFERENCES `t_master` (`Username`)
) ENGINE=InnoDB DEFAULT CHARSET=latin1;

/*Data for the table `t_anggota` */

insert  into `t_anggota`(`Kd_Anggota`,`Nama_Anggota`,`Email`,`username`,`foto`) values 
('10118225','YANA JULIANA','YANAJULIANA.10118225@MAHASISWA.UNIKOM.AC.ID',NULL,NULL),
('10118226','ARVELINO HERZANTIO','ARVELINOHERZANTIO.10118226@MAHASISWA.UNIKOM.AC.ID',NULL,NULL),
('10118227','FAUZAN LUKMANUL HAKIM','FAUZAN.10118227@MAHASISWA.UNIKOM.AC.ID',NULL,NULL),
('10118228','YANUAR WANDA PUTRA','YANUAR.10118228@MAHASISWA.UNIKOM.AC.ID',NULL,NULL),
('10118234','MUHAMMAD FAISHAL AZIZI','MUHAMMADFAISHAL.10118234@MAHASISWA.UNIKOM.AC.ID',NULL,NULL),
('10118240','AKBAR SALEH ALFIAN','AKBARSALAEHALFIAN.10118240@MAHASISWA.UNIKOM.AC.ID',NULL,NULL),
('10118241','DIKRI SALIK AMARULLAH','DIKRISALIK.10118241@MAHASISWA.UNIKOM.AC.ID',NULL,NULL),
('10118243','ABDUL HANIF','ABDULHANIF.10118243@MAHASISWA.UNIKOM.AC.ID',NULL,NULL),
('10118244','AUDRIANA PUTRI','AUDRIANAPUTRI.10118244@MAHASISWA.UNIKOM.AC.ID',NULL,NULL),
('10118245','ALAMSYAH JIWANEGARA','ALAMSYAH.10118245@MAHASISWA.UNIKOM.AC.ID',NULL,NULL),
('10118248','REZA LUTFI NURDIANSYAH','REZALUTFI.10118248@MAHASISWA.UNIKOM.AC.ID',NULL,NULL),
('10118249','BAGUS PERDANA YUSUF','BAGUSPERDANA.10118249@MAHASISWA.UNIKOM.AC.ID',NULL,NULL),
('10118252','ROBI NURHIDAYAT','ROBINURHIDAYAT.10118252@MAHASISWA.UNIKOM.AC.ID',NULL,NULL),
('10118253','RAMADHANI','RAMADAHNI.10118253@MAHASISWA.UNIKOM.AC.ID',NULL,NULL),
('10118254','FAKHRI YUSRIZAL HIDAYAT','FAKHRIYUSRIZAL.10118254@MAHASISWA.UNIKOM.AC.ID',NULL,NULL),
('10118255','RADEN FACHRUL RAMZI','RADENFACHRUL.10118255@MAHASISWA.UNIKOM.AC.ID',NULL,NULL),
('10118256','GENTRA ARIA WIBAWA','GENTRA@10118256@MAHASISWA.UNIKOM.AC.ID',NULL,NULL),
('10118257','MAULANA FAJAR SHIDIQ','MAULANAFAJAR.10118257@MAHASISWA.UNIKOM.AC.ID',NULL,NULL),
('10118258','SYIFA NABILA KADI','SYIFANABILA.10118258@MAHASISWA.UNIKOM.AC.ID',NULL,NULL),
('10118259','ANDRE RIANA MULYA','ANDRERIANA.10118259@MAHASISWA.UNIKOM.AC.ID',NULL,NULL),
('10118261','MUHAMMAD FIQRI','MUHAMMADFIQRI.10118261@MAHASISWA.UNIKOM.AC.ID',NULL,NULL),
('10118262','RIZALDI NAUFAL GHIFFARI','RIZALDI.10118262@MAHASISWA.UNIKOM.AC.ID',NULL,NULL),
('10118263','SANDI MAULANA','SANDIMAULANA.10118263@MAHASISWA.UNIKOM.AC.ID',NULL,NULL),
('10118265','MOCHAMAD ALVY NUR RAMADHAN','ALVY@10118265@MAHASISWA.UNIKOM.AC.ID',NULL,NULL),
('10118266','FADLI RINALDI BAHARI','FADLIRINALDI.10118266@MAHASISWA.UNIKOM.AC.ID',NULL,NULL),
('10118267','10118267','10118267@gmail.com','10118267','1583679412457.jpg'),
('10118268','10118268','10118268@gmail.com','10118268','10118268.jpg'),
('82020.001','ASEP DJUARNA','Aseptea@gmail.com','82020.001','82020.001.jpg'),
('82020.002','GHIAR MULYAWAN','tatang@gmail.com','82020.002','82020.002.jpg'),
('82020.003','GILANG ANGGA','Angga@gmail.com','82020.003','82020.003.jpg'),
('82020.004','AHMAD MAULANA','ahmad@gmail.com','82020.004',''),
('82020.005','a','a@gmail.com','82020.005',''),
('82020.006','ALWAN MAULANA','ALWAN@GMAIL.COM','82020.006','82020.006.jpg');

/*Table structure for table `t_buku` */

DROP TABLE IF EXISTS `t_buku`;

CREATE TABLE `t_buku` (
  `Kd_Buku` int(11) NOT NULL AUTO_INCREMENT,
  `Judul_Buku` varchar(50) DEFAULT NULL,
  `Nama_Pengarang` char(30) DEFAULT NULL,
  `Nama_Penerbit` char(30) DEFAULT NULL,
  `Tahun_Terbit` char(4) DEFAULT NULL,
  `No_Rak` char(10) DEFAULT NULL,
  `Kd_Kategori` char(5) DEFAULT NULL,
  `Status` char(20) DEFAULT NULL,
  `Estimasi_Pengembalian` date DEFAULT NULL,
  `Harga` int(11) DEFAULT NULL,
  PRIMARY KEY (`Kd_Buku`),
  KEY `Kd_Kategori` (`Kd_Kategori`),
  CONSTRAINT `t_buku_ibfk_1` FOREIGN KEY (`Kd_Kategori`) REFERENCES `t_kategori_buku` (`Kd_Kategori`)
) ENGINE=InnoDB AUTO_INCREMENT=85 DEFAULT CHARSET=latin1;

/*Data for the table `t_buku` */

insert  into `t_buku`(`Kd_Buku`,`Judul_Buku`,`Nama_Pengarang`,`Nama_Penerbit`,`Tahun_Terbit`,`No_Rak`,`Kd_Kategori`,`Status`,`Estimasi_Pengembalian`,`Harga`) values 
(1,'ACCESS BY DESIGNN','GEORGE A. COVINGTONN','VAN NOSTRAND REIHOLD','2007','5','DSGN','HILANG',NULL,250000),
(2,'PEMROGRAMAN DATABASE DENGAN DELPHI 7','ABDUL KADIR','PENERBIT ANDI','2004','1','IT','HILANG',NULL,200000),
(3,'ANIMASI MENGGUNAKAN FLASH','PRIYANTO HIDAYATULLAH','INFORMATIKA','2011','1','IT','HILANG',NULL,210000),
(4,'GRAFIK DAN ANIMASI PROFESIONAL POWER POINT','EDY WINARNO DAN ALI ZAKI','ELEX MEDIA KOMPUTINDO','2015','1','IT','HILANG',NULL,225000),
(5,'GOD, DO YOU SPEAK ENGLISH?','JEFF KRISTIANTO','RENE BOOKS','2019','1','PU','HILANG',NULL,265000),
(6,'ONTOLOGI METAFISIKA UMUM FILSAFAT','ACHMAD CHARIS ZUBAIR','KANISIUS YOGYAKARTA','1992','1','FLSFT','HILANG',NULL,190000),
(7,'AKUNTANSI PENGANTAR-1','SUPARDI','GAVA MEDIA','2009','2','AK','HILANG',NULL,150000),
(8,'THE AUTHORIZED BIOGRAPHY OF KH.ABDURRAHMAN WAHID','GREG BARTON','LKiS','2011','2','SEJ','HILANG',NULL,285000),
(9,'KESADARAN NASIONAL','SLAMET MULJANA','LKiS','2008','2','SEJ','HILANG',NULL,170000),
(10,'MANAJEMEN PENERBIT JURNAL ILMIAH','LUKMAN S','SUGANG SETO','2012','2','MJMN','HILANG',NULL,240000),
(11,'FIQH EKONOMI SYARIAH','DR. MARDANI','KENCANA','2013','2','AG','HILANG',NULL,125000),
(12,'TETAP SEHAT SETELAH USIA 40 TAHUN','DR. SALMA','GEMA INSANI','2014','3','SS','HILANG',NULL,270000),
(13,'JEJAK-JEJAK CINTA','TONI RAHARJO','GEMA INSANI','2015','3','SS','HILANG',NULL,185000),
(14,'AN INQUIRY INTO THE NATURE AND CAUSES OF THE WEALT','ADAM SMITH','ADAM SMITH','1776','3','EK','HILANG',NULL,350000),
(15,'HUKUM BISNIS PROPERTI DI INDONESIA','ANDIKA WIJAYA','GRASINDO','2017','3','HK','HILANG',NULL,105000),
(16,'MATEMATIKA DASAR TEORI','JHON BIRD','ERLANGGA','2004','3','PD','HILANG',NULL,135000),
(17,'BAHASA DAN SASTRA','KIFTIAWATI DAN ENDRY SULISTYO','PUSPA SWARA','2007','4','BHS','HILANG',NULL,75000),
(18,'A BRIEF HISTORY OF TIME','STEPHEN HAWKING','BANTAM DELL PUBLISHING GROUP','1988','4','SC','HILANG',NULL,500000),
(19,'MAKING AND BREAKING THE GRID','TIMOTHY SAMARA','AUTHOR BOOKS','2005','4','DSGN','HILANG',NULL,450000),
(20,'SEJARAH DAN PERADABAN ISLAM','BADRI YATIM','PT RAJA GRAFINDO PERSADA','1998','5','SEJ','HILANG',NULL,120000),
(21,'DESAIN RUMAH APLIKATIF','ARTATI','DEEP PUBLISH','2018','4','ARS','HILANG',NULL,80000),
(22,'SITI NURBAYA','MARAH RUSLI','BALAI PUSTAKA','1922','4','SASTR','HILANG',NULL,195000),
(23,'PENGANTAR TEKNOLOGI INFORMASI','TATA SUTABRI','ANDI OFFSET','2014','5','IT','HILANG',NULL,80000),
(24,'TEKNIK SAMPLING','ERIYANTO','LKiS','2007','5','IT','HILANG',NULL,95000),
(25,'TEKNIK SAMPLING','ERIYANTO','LKiS','2007','5','IT','HILANG',NULL,320000),
(26,'ACCESS BY DESIGNN','GEORGE A. COVINGTONN','VAN NOSTRAND REIHOLD','2007','5','DSGN','HILANG',NULL,250000),
(27,'ACCESS BY DESIGNN','GEORGE A. COVINGTONN','VAN NOSTRAND REIHOLD','2007','5','DSGN','HILANG',NULL,250000),
(28,'PEMROGRAMAN DATABASE DENGAN DELPHI 7','ABDUL KADIR','PENERBIT ANDI','2004','1','IT','HILANG',NULL,200000),
(29,'PEMROGRAMAN DATABASE DENGAN DELPHI 7','ABDUL KADIR','PENERBIT ANDI','2004','1','IT','HILANG',NULL,200000),
(30,'ANIMASI MENGGUNAKAN FLASH','PRIYANTO HIDAYATULLAH','INFORMATIKA','2011','1','IT','HILANG',NULL,210000),
(31,'ANIMASI MENGGUNAKAN FLASH','PRIYANTO HIDAYATULLAH','INFORMATIKA','2011','1','IT','HILANG',NULL,210000),
(32,'GRAFIK DAN ANIMASI PROFESIONAL POWER POINT','EDY WINARNO DAN ALI ZAKI','ELEX MEDIA KOMPUTINDO','2015','1','IT','HILANG',NULL,225000),
(33,'GRAFIK DAN ANIMASI PROFESIONAL POWER POINT','EDY WINARNO DAN ALI ZAKI','ELEX MEDIA KOMPUTINDO','2015','1','IT','HILANG',NULL,225000),
(34,'GOD, DO YOU SPEAK ENGLISH?','JEFF KRISTIANTO','RENE BOOKS','2019','1','PU','HILANG',NULL,265000),
(35,'ONTOLOGI METAFISIKA UMUM FILSAFAT','ACHMAD CHARIS ZUBAIR','KANISIUS YOGYAKARTA','1992','1','FLSFT','HILANG',NULL,190000),
(36,'AKUNTANSI PENGANTAR-1','SUPARDI','GAVA MEDIA','2009','2','AK','HILANG',NULL,150000),
(37,'THE AUTHORIZED BIOGRAPHY OF KH.ABDURRAHMAN WAHID','GREG BARTON','LKiS','2011','2','SEJ','HILANG',NULL,285000),
(38,'KESADARAN NASIONAL','SLAMET MULJANA','LKiS','2008','2','SEJ','HILANG',NULL,170000),
(39,'MANAJEMEN PENERBIT JURNAL ILMIAH','LUKMAN S','SUGANG SETO','2012','2','MJMN','HILANG',NULL,240000),
(40,'FIQH EKONOMI SYARIAH','DR. MARDANI','KENCANA','2013','2','AG','HILANG',NULL,125000),
(41,'TETAP SEHAT SETELAH USIA 40 TAHUN','DR. SALMA','GEMA INSANI','2014','3','SS','HILANG',NULL,270000),
(42,'JEJAK-JEJAK CINTA','TONI RAHARJO','GEMA INSANI','2015','3','SS','HILANG',NULL,185000),
(43,'AN INQUIRY INTO THE NATURE AND CAUSES OF THE WEALT','ADAM SMITH','ADAM SMITH','1776','3','EK','HILANG',NULL,350000),
(44,'HUKUM BISNIS PROPERTI DI INDONESIA','ANDIKA WIJAYA','GRASINDO','2017','3','HK','HILANG',NULL,105000),
(45,'MATEMATIKA DASAR TEORI','JHON BIRD','ERLANGGA','2004','3','PD','HILANG',NULL,135000),
(46,'A BRIEF HISTORY OF TIME','STEPHEN HAWKING','BANTAM DELL PUBLISHING GROUP','1988','4','SC','HILANG',NULL,500000),
(47,'MAKING AND BREAKING THE GRID','TIMOTHY SAMARA','AUTHOR BOOKS','2005','4','DSGN','HILANG',NULL,450000),
(48,'SEJARAH DAN PERADABAN ISLAM','BADRI YATIM','PT RAJA GRAFINDO PERSADA','1998','5','SEJ','HILANG',NULL,120000),
(49,'SITI NURBAYA','MARAH RUSLI','BALAI PUSTAKA','1922','4','SASTR','HILANG',NULL,195000),
(50,'DESAIN RUMAH APLIKATIF','ARTATI','DEEP PUBLISH','2018','4','ARS','HILANG',NULL,80000),
(51,'PENGANTAR TEKNOLOGI INFORMASI','TATA SUTABRI','ANDI OFFSET','2014','5','IT','HILANG',NULL,80000),
(52,'TEKNIK SAMPLING','ERIYANTO','LKiS','2007','5','IT','HILANG',NULL,95000),
(53,'ANIMASI MENGGUNAKAN FLASH','PRIYANTO HIDAYATULLAH','INFORMATIKA','2020','1','IT','DIPINJAM','2020-09-02',180000),
(54,'GOD, DO YOU SPEAK ENGLISH?','JEFF KRISTIANTO','RENE BOOKS','2019','1','PU','TERSEDIA',NULL,265000),
(55,'ONTOLOGI METAFISIKA UMUM FILSAFAT','ACHMAD CHARIS ZUBAIR','KANISIUS YOGYAKARTA','2019','1','FLSFT','TERSEDIA',NULL,190000),
(56,'AKUNTANSI PENGANTAR-1','SUPARDI','GAVA MEDIA','2019','2','AK','TERSEDIA',NULL,180000),
(57,'THE AUTHORIZED BIOGRAPHY OF KH.ABDURRAHMAN WAHID','GREG BARTON','LKIS','2011','2','SEJ','TERSEDIA',NULL,300000),
(58,'KESADARAN NASIONAL','SLAMET MULJANA','LKIS','2019','2','SEJ','TERSEDIA',NULL,150000),
(59,'FIQH EKONOMI SYARIAH','DR. MARDANI','KENCANA','2018','2','AG','TERSEDIA',NULL,150000),
(60,'TETAP SEHAT SETELAH USIA 40 TAHUN','DR. SALMA','GEMA INSANI','2020','3','SS','TERSEDIA',NULL,100000),
(61,'JEJAK-JEJAK CINTA','TONI RAHARJO','GEMA INSANI','2018','3','SS','TERSEDIA',NULL,180000),
(62,'A BRIEF HISTORY OF TIME','STEPHEN HAWKING','BANTAM DELL PUBLISHING GROUP','2019','4','SC','TERSEDIA',NULL,300000),
(63,'MAKING AND BREAKING THE GRID','TIMOTHY SAMARA','AUTHOR BOOKS','2019','4','DSGN','TERSEDIA',NULL,180000),
(64,'AN INQUIRY INTO THE NATURE AND CAUSES OF THE WEALT','ADAM SMITH','ADAM SMITH','2018','3','EK','TERSEDIA',NULL,180000),
(65,'HUKUM BISNIS PROPERTI DI INDONESIA','ANDIKA WIJAYA','GRASINDO','2019','3','HK','TERSEDIA',NULL,195000),
(66,'MATEMATIKA DASAR TEORI','JHON BIRD','ERLANGGA','2018','3','PD','TERSEDIA',NULL,165000),
(67,'BAHASA DAN SASTRA','KIFTIAWATI DAN ENDRY SULISTYO','PUSPA SWARA','2020','4','BHS','TERSEDIA',NULL,135000),
(68,'SEJARAH DAN PERADABAN ISLAM','BADRI YATIM','PT RAJA GRAFINDO PERSADA','2018','5','SEJ','TERSEDIA',NULL,165000),
(69,'PENGANTAR TEKNOLOGI INFORMASI','TATA SUTABRI','ANDI OFFSET','2018','5','IT','TERSEDIA',NULL,140000),
(70,'DESAIN RUMAH APLIKATIF','ARTATI','DEEP PUBLISH','2020','4','ARS','TERSEDIA',NULL,210000),
(71,'SITI NURBAYA','MARAH RUSLI','BALAI PUSTAKA','2017','4','SASTR','TERSEDIA',NULL,180000),
(72,'TEKNIK SAMPLING','ERIYANTO','LKIS','2018','5','IT','TERSEDIA',NULL,180000),
(73,'PEMROGRAMAN DATABASE DENGAN DELPHI 7','ABDUL KADIR','PENERBIT ANDI','2018','1','IT','TERSEDIA',NULL,145000),
(74,'SITI NURBAYA','MARAH RUSLI','BALAI PUSTAKA','1992','4','SASTR','TERSEDIA',NULL,195000),
(75,'TEKNIK SAMPLING','ERIYANTO','LKIS','2018','5','IT','TERSEDIA',NULL,180000),
(76,'DESAIN RUMAH APLIKATIF','ARTATI','DEEP PUBLISH','2020','4','ARS','TERSEDIA',NULL,210000),
(77,'PENGANTAR TEKNOLOGI INFORMASI','TATA SUTABRI','ANDI OFFSET','2018','5','IT','TERSEDIA',NULL,140000),
(78,'TEKNIK SAMPLING','ERIYANTO','LKIS','2018','5','IT','TERSEDIA',NULL,180000),
(79,'ACCESS BY DESIGNN','GEORGE A. COVINGTONN','VAN NOSTRAND REIHOLD','2007','5','DSGN','TERSEDIA',NULL,250000),
(80,'ACCESS BY DESIGNN','GEORGE A. COVINGTONN','VAN NOSTRAND REIHOLD','2007','5','DSGN','TERSEDIA',NULL,250000),
(81,'ACCESS BY DESIGNN','GEORGE A. COVINGTONN','VAN NOSTRAND REIHOLD','2007','5','DSGN','TERSEDIA','0000-00-00',250000),
(82,'ACCESS BY DESIGNN','GEORGE A. COVINGTONN','VAN NOSTRAND REIHOLD','2007','5','DSGN','TERSEDIA','0000-00-00',250000),
(83,'ACCESS BY DESIGNN','GEORGE A. COVINGTONN','VAN NOSTRAND REIHOLD','2007','5','DSGN','TERSEDIA','0000-00-00',250000),
(84,'ACCESS BY DESIGNN','GEORGE A. COVINGTONN','VAN NOSTRAND REIHOLD','2007','5','AG','TERSEDIA',NULL,250000);

/*Table structure for table `t_kategori_buku` */

DROP TABLE IF EXISTS `t_kategori_buku`;

CREATE TABLE `t_kategori_buku` (
  `Kd_Kategori` char(5) NOT NULL,
  `Nama_Kategori` char(30) DEFAULT NULL,
  PRIMARY KEY (`Kd_Kategori`)
) ENGINE=InnoDB DEFAULT CHARSET=latin1;

/*Data for the table `t_kategori_buku` */

insert  into `t_kategori_buku`(`Kd_Kategori`,`Nama_Kategori`) values 
('AG','AGAMA'),
('AK','AKUNTASI'),
('ARS','ARSITEKTUR'),
('AST','ASTRONOMI'),
('BHS','BAHASA'),
('DSGN','DESAIN'),
('EK','EKONOMI'),
('FLSFT','FILSAFAT'),
('GEO','GEOGRAFI'),
('HK','HUKUM'),
('IPO','ILMU POLITIK'),
('IT','KOMPUTER'),
('KES','KESEHATAN'),
('KWR','KEWARGANEGARAAN'),
('MAN','MANUFAKTUR'),
('MJMN','MANAJEMEN'),
('MTMK','MATEMATIKA'),
('PD','PENDIDIKAN'),
('PSI','PSIKOLOGI'),
('PU','PENGETAHUAN UMUM'),
('SASTR','KESASTRAAN'),
('SC','SCIENCE'),
('SEJ','SEJARAH'),
('SS','SOSIAL'),
('TEK','TEKNIK');

/*Table structure for table `t_master` */

DROP TABLE IF EXISTS `t_master`;

CREATE TABLE `t_master` (
  `Username` char(20) NOT NULL,
  `Password` char(20) DEFAULT NULL,
  `Hak_Akses` char(20) DEFAULT NULL,
  PRIMARY KEY (`Username`)
) ENGINE=InnoDB DEFAULT CHARSET=latin1;

/*Data for the table `t_master` */

insert  into `t_master`(`Username`,`Password`,`Hak_Akses`) values 
('','','ANGGOTA'),
('10118267','10118267','ANGGOTA'),
('10118268','10118268','ANGGOTA'),
('82020.001','82020.001','ANGGOTA'),
('82020.002','82020.002','ANGGOTA'),
('82020.003','82020.003','ANGGOTA'),
('82020.004','82020.004','ANGGOTA'),
('82020.005','82020.005','ANGGOTA'),
('82020.006','82020.006','ANGGOTA'),
('82020.2','82020.2','ANGGOTA'),
('ADMIN','ADMIN','PEGAWAI'),
('ADMIN2','ADMIN2','PEGAWAI'),
('AKBAR','AKBAR88','ANGGOTA'),
('ALAM','ALAMSYAHJN','ANGGOTA'),
('AUDRI','AUDRIY44','ANGGOTA'),
('AZIZI','AZZ24','ANGGOTA'),
('DIKRI','DIKRI3','ANGGOTA'),
('ELGIA','ELGIASAF','ANGGOTA'),
('ENDAH','NUG05','ANGGOTA'),
('FADLI','FADLI25','ANGGOTA'),
('FAISHAL','FAISHALMHMD','ANGGOTA'),
('FAJAR','FJRFJR','ANGGOTA'),
('FAKHRI','FAKHRIY17','ANGGOTA'),
('FARHAN','FF48','ANGGOTA'),
('FAUZAN','FAUZANL','ANGGOTA'),
('GENTRA','GEN3','ANGGOTA'),
('RAMA','RAMA5','ANGGOTA'),
('REZA','REZALUTH','ANGGOTA'),
('RIDWAN','WANN7','ANGGOTA'),
('ROBI','ROBI12','ANGGOTA'),
('SANDI','SANDI30','ANGGOTA'),
('SYIFA','SYF98','ANGGOTA'),
('USER','USER','ANGGOTA'),
('WIDY','SHAKYUN20','ANGGOTA'),
('YANA','YANAJ','ANGGOTA');

/*Table structure for table `t_pegawai` */

DROP TABLE IF EXISTS `t_pegawai`;

CREATE TABLE `t_pegawai` (
  `kd_pegawai` int(11) NOT NULL AUTO_INCREMENT,
  `nama_pegawai` char(30) DEFAULT NULL,
  `username` char(20) DEFAULT NULL,
  `foto` varchar(255) DEFAULT NULL,
  `email` varchar(255) DEFAULT NULL,
  PRIMARY KEY (`kd_pegawai`),
  KEY `t_pegawai_ibfk_1` (`username`),
  CONSTRAINT `t_pegawai_ibfk_1` FOREIGN KEY (`username`) REFERENCES `t_master` (`Username`) ON UPDATE CASCADE
) ENGINE=InnoDB AUTO_INCREMENT=2 DEFAULT CHARSET=latin1;

/*Data for the table `t_pegawai` */

insert  into `t_pegawai`(`kd_pegawai`,`nama_pegawai`,`username`,`foto`,`email`) values 
(1,'Ujang','ADMIN','ujang.jpg',NULL);

/*Table structure for table `t_peminjaman` */

DROP TABLE IF EXISTS `t_peminjaman`;

CREATE TABLE `t_peminjaman` (
  `Kd_Peminjaman` char(10) NOT NULL,
  `Kd_Buku` int(11) DEFAULT NULL,
  `Kd_Anggota` varchar(20) DEFAULT NULL,
  `Tgl_Pinjam` date DEFAULT NULL,
  `Tgl_Kembali` date DEFAULT NULL,
  `EstimasiPengembalian` date DEFAULT NULL,
  `Denda_Keterlambatan` int(11) DEFAULT NULL,
  `Status_Peminjaman` char(15) DEFAULT NULL,
  `Username` char(20) DEFAULT NULL,
  PRIMARY KEY (`Kd_Peminjaman`),
  KEY `Kd_Anggota` (`Kd_Anggota`),
  KEY `Kd_Koleksi` (`Kd_Buku`),
  KEY `Username` (`Username`),
  CONSTRAINT `t_peminjaman_ibfk_1` FOREIGN KEY (`Kd_Buku`) REFERENCES `t_buku` (`Kd_Buku`),
  CONSTRAINT `t_peminjaman_ibfk_2` FOREIGN KEY (`Kd_Anggota`) REFERENCES `t_anggota` (`Kd_Anggota`) ON UPDATE CASCADE,
  CONSTRAINT `t_peminjaman_ibfk_3` FOREIGN KEY (`Username`) REFERENCES `t_master` (`Username`) ON UPDATE CASCADE
) ENGINE=InnoDB DEFAULT CHARSET=latin1;

/*Data for the table `t_peminjaman` */

insert  into `t_peminjaman`(`Kd_Peminjaman`,`Kd_Buku`,`Kd_Anggota`,`Tgl_Pinjam`,`Tgl_Kembali`,`EstimasiPengembalian`,`Denda_Keterlambatan`,`Status_Peminjaman`,`Username`) values 
('',NULL,NULL,NULL,NULL,NULL,NULL,NULL,NULL),
('20201-001',1,'10118234','2020-01-01','2020-01-05',NULL,0,'DIKEMBALIKAN','ADMIN'),
('20201-002',2,'10118234','2020-01-01','2020-01-05',NULL,0,'DIKEMBALIKAN','ADMIN'),
('20201-003',3,'10118225','2020-01-01','2020-01-05',NULL,0,'DIKEMBALIKAN','ADMIN'),
('20201-004',4,'10118227','2020-01-02','2020-01-05',NULL,0,'DIKEMBALIKAN','ADMIN'),
('20201-005',5,'10118226','2020-01-02','2020-01-05',NULL,0,'DIKEMBALIKAN','ADMIN'),
('20201-006',26,'10118240','2020-01-03','2020-01-05',NULL,0,'HILANG','ADMIN'),
('20201-007',27,'10118226','2020-01-03','2020-01-05',NULL,0,'HILANG','ADMIN'),
('20202-001',6,'10118228','2020-02-01','2020-02-07',NULL,0,'DIKEMBALIKAN','ADMIN'),
('20202-002',7,'10118252','2020-02-01','2020-02-07',NULL,0,'DIKEMBALIKAN','ADMIN'),
('20202-003',8,'10118249','2020-02-02','2020-02-07',NULL,0,'DIKEMBALIKAN','ADMIN'),
('20202-004',9,'10118252','2020-02-02','2020-02-07',NULL,0,'DIKEMBALIKAN','ADMIN'),
('20202-005',10,'10118263','2020-02-03','2020-02-07',NULL,0,'DIKEMBALIKAN','ADMIN'),
('20202-006',28,'10118255','2020-02-04','2020-02-07',NULL,0,'HILANG','ADMIN'),
('20202-007',29,'10118253','2020-02-04','2020-02-07',NULL,0,'HILANG','ADMIN'),
('20203-001',11,'10118259','2020-03-01','2020-03-05',NULL,0,'DIKEMBALIKAN','ADMIN'),
('20203-002',12,'10118257','2020-03-01','2020-03-05',NULL,0,'DIKEMBALIKAN','ADMIN'),
('20203-003',13,'10118256','2020-03-01','2020-03-05',NULL,0,'DIKEMBALIKAN','ADMIN'),
('20203-004',14,'10118227','2020-03-01','2020-03-05',NULL,0,'DIKEMBALIKAN','ADMIN'),
('20203-005',15,'10118258','2020-03-02','2020-03-05',NULL,0,'DIKEMBALIKAN','ADMIN'),
('20203-006',30,'10118266','2020-03-02','2020-03-05',NULL,0,'HILANG','ADMIN'),
('20203-007',31,'10118258','2020-03-02','2020-03-05',NULL,0,'HILANG','ADMIN'),
('20203-008',32,'10118259','2020-03-02','2020-03-05',NULL,0,'HILANG','ADMIN'),
('20204-001',16,'10118257','2020-04-01','2020-04-06',NULL,0,'DIKEMBALIKAN','ADMIN'),
('20204-002',17,'10118262','2020-04-01','2020-04-06',NULL,0,'DIKEMBALIKAN','ADMIN'),
('20204-003',18,'10118249','2020-04-01','2020-04-06',NULL,0,'DIKEMBALIKAN','ADMIN'),
('20204-004',19,'10118249','2020-04-02','2020-04-07',NULL,0,'DIKEMBALIKAN','ADMIN'),
('20204-005',20,'10118259','2020-04-02','2020-04-07',NULL,0,'DIKEMBALIKAN','ADMIN'),
('20204-006',33,'10118225','2020-04-02','2020-04-07',NULL,0,'HILANG','ADMIN'),
('20204-007',34,'10118255','2020-04-02','2020-04-07',NULL,0,'HILANG','ADMIN'),
('20204-008',35,'10118259','2020-04-02','2020-04-07',NULL,0,'HILANG','ADMIN'),
('20205-001',10,'10118265','2020-05-14','2020-05-18',NULL,0,'HILANG','ADMIN'),
('20205-002',7,'10118265','2020-05-14','2020-05-18',NULL,0,'DIKEMBALIKAN','ADMIN'),
('20205-003',1,'10118256','2020-05-15','2020-05-21',NULL,0,'DIKEMBALIKAN','ADMIN'),
('20205-004',21,'10118227','2020-05-16','2020-05-21',NULL,0,'DIKEMBALIKAN','ADMIN'),
('20205-005',22,'10118256','2020-05-16','2020-05-21',NULL,0,'DIKEMBALIKAN','ADMIN'),
('20205-006',36,'10118261','2020-05-16','2020-05-22',NULL,0,'HILANG','ADMIN'),
('20205-007',37,'10118265','2020-05-17','2020-05-22',NULL,0,'HILANG','ADMIN'),
('20205-008',38,'10118249','2020-05-17','2020-05-22',NULL,0,'HILANG','ADMIN'),
('20206-001',5,'10118253','2020-06-15','2020-06-21',NULL,0,'DIKEMBALIKAN','ADMIN'),
('20206-002',4,'10118234','2020-06-15','2020-06-22',NULL,0,'HILANG','ADMIN'),
('20206-003',39,'10118257','2020-06-18','2020-06-24',NULL,0,'HILANG','ADMIN'),
('20206-004',40,'10118256','2020-06-18','2020-06-24',NULL,0,'HILANG','ADMIN'),
('20206-005',41,'10118266','2020-06-19','2020-06-24',NULL,0,'HILANG','ADMIN'),
('20206-006',42,'10118252','2020-06-19','2020-06-24',NULL,0,'HILANG','ADMIN'),
('20207-001',3,'10118227','2020-07-09','2020-07-13',NULL,0,'DIKEMBALIKAN','ADMIN'),
('20207-002',43,'10118228','2020-07-09','2020-07-13',NULL,0,'HILANG','ADMIN'),
('20208-001',44,'10118248','2020-08-01','2020-08-06',NULL,0,'HILANG','ADMIN'),
('20208-002',45,'10118245','2020-08-01','2020-08-06',NULL,0,'HILANG','ADMIN'),
('20208-003',46,'10118254','2020-08-01','2020-08-06',NULL,0,'HILANG','ADMIN'),
('20208-004',47,'10118255','2020-08-01','2020-08-06',NULL,0,'HILANG','ADMIN'),
('20208-005',48,'10118240','2020-08-01','2020-08-06',NULL,0,'HILANG','ADMIN'),
('20208-006',3,'10118225','2020-08-03','2020-08-11',NULL,0,'HILANG','ADMIN'),
('20208-007',5,'10118226','2020-08-04','2020-08-11',NULL,0,'HILANG','ADMIN2'),
('20208-008',6,'10118227','2020-08-04','2020-08-11',NULL,0,'HILANG','ADMIN2'),
('20208-009',7,'10118228','2020-08-05','2020-08-11',NULL,0,'HILANG','ADMIN2'),
('20208-010',8,'10118234','2020-08-05','2020-08-11',NULL,0,'HILANG','ADMIN2'),
('20208-011',9,'10118240','2020-08-06','2020-08-11',NULL,0,'HILANG','ADMIN2'),
('20208-012',11,'10118241','2020-08-06','2020-08-11',NULL,0,'HILANG','ADMIN2'),
('20208-013',12,'10118243','2020-08-06','2020-08-11',NULL,0,'HILANG','ADMIN2'),
('20208-014',13,'10118244','2020-08-06','2020-08-11',NULL,0,'HILANG','ADMIN'),
('20208-015',14,'10118245','2020-08-06','2020-08-11',NULL,0,'HILANG','ADMIN2'),
('20208-016',15,'10118248','2020-08-06','2020-08-11',NULL,0,'HILANG','ADMIN2'),
('20208-017',16,'10118249','2020-08-07','2020-08-11',NULL,0,'HILANG','ADMIN2'),
('20208-018',17,'10118252','2020-08-07','2020-08-11',NULL,0,'HILANG','ADMIN2'),
('20208-019',18,'10118253','2020-08-07','2020-08-11',NULL,0,'HILANG','ADMIN'),
('20208-020',19,'10118257','2020-08-07','2020-08-11',NULL,0,'HILANG','ADMIN'),
('20208-021',20,'10118254','2020-08-07','2020-08-11',NULL,0,'HILANG','ADMIN2'),
('20208-022',21,'10118255','2020-08-07','2020-08-11',NULL,0,'HILANG','ADMIN2'),
('20208-023',22,'10118256','2020-08-08','2020-08-11',NULL,0,'HILANG','ADMIN2'),
('20208-024',23,'10118258','2020-08-08','2020-08-11',NULL,0,'HILANG','ADMIN2'),
('20208-025',24,'10118259','2020-08-08','2020-08-11',NULL,0,'HILANG','ADMIN2'),
('20208-026',25,'10118261','2020-08-08','2020-08-11',NULL,0,'HILANG','ADMIN2'),
('20208-027',49,'10118262','2020-08-09','2020-08-11',NULL,0,'HILANG','ADMIN2'),
('20208-028',50,'10118263','2020-08-09','2020-08-11',NULL,0,'HILANG','ADMIN2'),
('20208-029',51,'10118265','2020-08-09','2020-08-11',NULL,0,'HILANG','ADMIN2'),
('20208-030',52,'10118266','2020-08-10','2020-08-11',NULL,0,'HILANG','ADMIN2'),
('20208-031',1,'10118227','2020-08-11','2020-08-11',NULL,0,'HILANG','ADMIN2'),
('20208-032',2,'10118225','2020-08-11','2020-08-11',NULL,0,'HILANG','ADMIN2'),
('20208-033',66,'10118227','2020-08-26','2020-08-26',NULL,0,'DIKEMBALIKAN','admin'),
('20208-034',53,'10118227','2020-08-26',NULL,'2020-09-02',NULL,'DIPINJAM',NULL);

/*Table structure for table `t_pengembalian_bayar` */

DROP TABLE IF EXISTS `t_pengembalian_bayar`;

CREATE TABLE `t_pengembalian_bayar` (
  `Kd_Kehilangan` int(11) NOT NULL AUTO_INCREMENT,
  `Tanggal_Ganti` date DEFAULT NULL,
  `Harga_Ganti` int(11) DEFAULT NULL,
  `Kd_Peminjaman` char(10) DEFAULT NULL,
  PRIMARY KEY (`Kd_Kehilangan`),
  KEY `Kd_Peminjaman` (`Kd_Peminjaman`),
  CONSTRAINT `t_pengembalian_bayar_ibfk_1` FOREIGN KEY (`Kd_Peminjaman`) REFERENCES `t_peminjaman` (`Kd_Peminjaman`)
) ENGINE=InnoDB AUTO_INCREMENT=26 DEFAULT CHARSET=latin1;

/*Data for the table `t_pengembalian_bayar` */

insert  into `t_pengembalian_bayar`(`Kd_Kehilangan`,`Tanggal_Ganti`,`Harga_Ganti`,`Kd_Peminjaman`) values 
(1,'2020-01-05',250000,'20201-006'),
(2,'2020-01-05',250000,'20201-007'),
(3,'2020-02-07',200000,'20202-006'),
(4,'2020-02-07',200000,'20202-007'),
(5,'2020-03-05',210000,'20203-006'),
(6,'2020-03-05',210000,'20203-007'),
(7,'2020-03-05',225000,'20203-008'),
(8,'2020-04-07',225000,'20204-006'),
(9,'2020-04-07',265000,'20204-007'),
(10,'2020-04-07',190000,'20204-008'),
(11,'2020-05-18',240000,'20205-001'),
(12,'2020-05-22',150000,'20205-006'),
(13,'2020-05-22',285000,'20205-007'),
(14,'2020-05-22',170000,'20205-008'),
(15,'2020-06-22',225000,'20206-002'),
(16,'2020-06-24',240000,'20206-003'),
(17,'2020-06-24',125000,'20206-004'),
(18,'2020-06-24',270000,'20206-005'),
(19,'2020-06-24',185000,'20206-006'),
(20,'2020-07-13',350000,'20207-002'),
(21,'2020-08-06',105000,'20208-001'),
(22,'2020-08-06',135000,'20208-002'),
(23,'2020-08-06',500000,'20208-003'),
(24,'2020-08-06',450000,'20208-004'),
(25,'2020-08-06',120000,'20208-005');

/*Table structure for table `t_pengembalian_ganti` */

DROP TABLE IF EXISTS `t_pengembalian_ganti`;

CREATE TABLE `t_pengembalian_ganti` (
  `Kd_Kehilangan` int(11) NOT NULL AUTO_INCREMENT,
  `Tanggal_Ganti` date DEFAULT NULL,
  `Kd_Buku_Ganti` int(11) DEFAULT NULL,
  `Kd_Peminjaman` char(10) DEFAULT NULL,
  PRIMARY KEY (`Kd_Kehilangan`),
  KEY `Kd_Peminjaman` (`Kd_Peminjaman`),
  KEY `Kode_Koleksi_Ganti` (`Kd_Buku_Ganti`),
  CONSTRAINT `t_pengembalian_ganti_ibfk_2` FOREIGN KEY (`Kd_Buku_Ganti`) REFERENCES `t_buku` (`Kd_Buku`)
) ENGINE=InnoDB AUTO_INCREMENT=28 DEFAULT CHARSET=latin1;

/*Data for the table `t_pengembalian_ganti` */

insert  into `t_pengembalian_ganti`(`Kd_Kehilangan`,`Tanggal_Ganti`,`Kd_Buku_Ganti`,`Kd_Peminjaman`) values 
(1,'2020-08-11',53,'20208-006'),
(2,'2020-08-11',54,'20208-007'),
(3,'2020-08-11',55,'20208-008'),
(4,'2020-08-11',56,'20208-009'),
(5,'2020-08-11',57,'20208-010'),
(6,'2020-08-11',58,'20208-011'),
(7,'2020-08-11',59,'20208-012'),
(8,'2020-08-11',60,'20208-013'),
(9,'2020-08-11',61,'20208-014'),
(10,'2020-08-11',62,'20208-019'),
(11,'2020-08-11',63,'20208-020'),
(12,'2020-08-11',64,'20208-015'),
(13,'2020-08-11',65,'20208-016'),
(14,'2020-08-11',66,'20208-017'),
(15,'2020-08-11',67,'20208-018'),
(16,'2020-08-11',68,'20208-021'),
(17,'2020-08-11',69,'20208-024'),
(18,'2020-08-11',70,'20208-022'),
(19,'2020-08-11',71,'20208-023'),
(20,'2020-08-11',72,'20208-025'),
(21,'2020-08-11',73,'20208-032'),
(22,'2020-08-11',74,'20208-027'),
(23,'2020-08-11',75,'20208-026'),
(24,'2020-08-11',76,'20208-028'),
(25,'2020-08-11',77,'20208-029'),
(26,'2020-08-11',78,'20208-030'),
(27,'2020-08-11',79,'20208-031');

/*!40101 SET SQL_MODE=@OLD_SQL_MODE */;
/*!40014 SET FOREIGN_KEY_CHECKS=@OLD_FOREIGN_KEY_CHECKS */;
/*!40014 SET UNIQUE_CHECKS=@OLD_UNIQUE_CHECKS */;
/*!40111 SET SQL_NOTES=@OLD_SQL_NOTES */;
